time (min),conc (mM)
0.5,2.825293601
0.75,2.741793556
1,2.66076131
2,2.359883583
4,1.856350175
6,1.460256768
9,1.018786577